#名前,"性別(0=両,1=男,2=女)","タイプ(0=両方,1=剣士,2=ガンナー)",レア度,スロット数,入手時期／HR（99=集会場入手不可）,入手時期／村☆（99=村入手不可）,初期防御力,最終防御力,火耐性,水耐性,氷耐性,雷耐性,龍耐性,スキル系統1,スキル値1,スキル系統2,スキル値2,スキル系統3,スキル値3,スキル系統4,スキル値4,スキル系統5,スキル値5,生産素材1,個数,生産素材2,個数,生産素材3,個数,生産素材4,個数
ユクモノカサ,0,0,1,0,1,1,1,21,0,0,0,3,0,加護,2,気まぐれ,2,達人,2,,,,,ユクモの木,1,丸鳥の羽,1,,,,
レザーヘッド,0,0,1,1,1,1,1,21,-1,0,0,0,1,高速収集,2,採取,2,気まぐれ,3,,,,,暖かい毛皮,1,鉄鉱石,1,,,,
チェーンヘッド,0,0,1,1,1,1,2,22,2,1,1,-2,0,体力,2,調合成功率,4,調合数,1,,,,,大地の結晶,1,鉄鉱石,1,,,,
ハンターヘルム,0,0,1,1,1,1,6,25,0,1,0,-4,0,狩人,2,千里眼,2,高速設置,3,毒,-2,,,マカライト鉱石,1,鉄鉱石,1,セッチャクロアリ,2,,
ハンターキャップ,0,0,1,1,1,1,3,16,1,2,0,-2,1,狩人,4,千里眼,4,高速設置,2,毒,-1,,,マカライト鉱石,1,鉄鉱石,1,セッチャクロアリ,2,,
ボーンヘルム,0,0,1,1,1,1,8,27,2,0,-2,-1,0,笛,1,採取,3,KO,2,睡眠,-3,,,大きなヒレ,3,なぞの頭骨,1,とがった牙,2,,
ボーンキャップ,0,0,1,1,1,1,4,17,4,0,-1,0,0,笛,3,採取,3,KO,4,睡眠,-1,,,大きなヒレ,3,なぞの頭骨,1,とがった牙,2,,
アロイヘルム,0,0,1,1,1,1,8,27,-1,1,-2,-2,-1,風圧,2,達人,1,研ぎ師,3,採取,-3,,,マカライト鉱石,3,ベアライト石,2,鉄鉱石,3,,
アロイキャップ,0,0,1,1,1,1,4,17,0,2,-1,-1,0,散弾強化,3,装填速度,3,散弾追加,3,採取,-2,,,マカライト鉱石,3,ベアライト石,2,鉄鉱石,3,,
ブナハハット,0,0,2,1,1,1,10,29,-5,-2,-2,2,4,特殊攻撃,1,納刀,1,気配,4,攻撃,-3,,,飛甲虫の甲殻,2,飛甲虫の羽,3,キラビートル,1,セッチャクロアリ,2
ブナハキャップ,0,0,2,1,1,1,5,18,-3,-1,-1,3,5,特殊攻撃,3,納刀,3,気配,4,攻撃,-1,,,飛甲虫の甲殻,2,飛甲虫の羽,3,キラビートル,1,セッチャクロアリ,2
リノプロヘルム,0,0,2,1,1,2,10,29,2,-2,-2,-2,1,気力回復,2,砲術,1,耐泥耐雪,3,氷耐性,-3,,,草食竜の頭殻,1,草食竜の甲殻,2,氷結晶,2,,
リノプロキャップ,0,0,2,1,1,2,5,18,3,-1,-1,-1,2,気力回復,4,砲術,2,精密射撃,4,氷耐性,-1,,,草食竜の頭殻,1,草食竜の甲殻,2,氷結晶,2,,
ジャギィヘルム,0,0,2,1,1,2,12,31,-4,-2,-2,-2,1,攻撃,2,観察眼,2,回復速度,2,効果持続,-3,,,狗竜の皮,3,狗竜の爪,1,ジャギィの鱗,2,鉄鉱石,3
ジャギィキャップ,0,0,2,1,1,2,6,19,-2,-1,-1,-1,2,攻撃,3,観察眼,3,回復速度,4,効果持続,-1,,,狗竜の皮,3,狗竜の爪,1,ジャギィの鱗,2,鉄鉱石,3
アシラヘルム,0,0,2,1,1,1,12,31,-3,1,-2,-1,1,食いしん坊,1,防御,2,気絶,3,麻痺,-3,,,青熊獣の甲殻,2,青熊獣の毛,2,大きな骨,2,セッチャクロアリ,3
アシラキャップ,0,0,2,1,1,1,6,19,-2,2,-1,0,3,食いしん坊,3,防御,3,気絶,3,麻痺,-2,,,青熊獣の甲殻,2,青熊獣の毛,2,大きな骨,2,セッチャクロアリ,3
フロギィヘルム,0,0,2,1,1,3,14,33,2,-2,-4,1,0,体術,2,観察眼,2,毒,2,気絶,-3,,,王者のクチバシ,1,毒狗竜の皮,2,フロギィの鱗,2,キラビートル,2
フロギィキャップ,0,0,2,1,1,3,7,20,4,-1,-2,2,0,体術,4,観察眼,4,毒,2,気絶,-1,,,王者のクチバシ,1,毒狗竜の皮,2,フロギィの鱗,2,キラビートル,2
ウルクヘルム,0,0,2,0,1,3,14,33,-4,2,2,-2,1,回避性能,2,氷耐性,4,耐寒,2,耐暑,-3,,,白兎獣の耳,2,大きな骨,2,バギィの皮,4,アイシスメタル,2
ウルクキャップ,0,0,2,0,1,3,7,20,-2,3,4,-1,3,回避性能,4,氷耐性,4,耐寒,4,耐暑,-1,,,白兎獣の耳,2,大きな骨,2,バギィの皮,4,アイシスメタル,2
ペッコヘルム,0,0,2,1,1,3,12,31,2,-2,-4,-1,2,広域,1,回復量,3,食事,-3,笛,2,,,へんなクチバシ,2,彩鳥の羽根,2,竜骨【中】,2,セッチャクロアリ,3
ペッコキャップ,0,0,2,1,1,3,6,19,4,-1,-3,0,4,広域,4,回復量,4,食事,-1,笛,2,,,へんなクチバシ,2,彩鳥の羽根,2,竜骨【中】,2,セッチャクロアリ,3
ルドロスヘルム,0,0,2,1,1,3,14,33,-4,2,-2,-2,1,スタミナ,2,腹減り,3,水属性攻撃,1,雷耐性,-3,,,水獣のトサカ,2,水獣の尻尾,1,水獣の鱗,2,セッチャクロアリ,3
ルドロスキャップ,0,0,2,1,1,3,7,20,-2,4,-1,-1,2,スタミナ,4,腹減り,3,水属性攻撃,3,雷耐性,-1,,,水獣のトサカ,2,水獣の尻尾,1,水獣の鱗,2,セッチャクロアリ,3
ボロスヘルム,0,0,2,1,1,3,16,35,0,0,-3,2,0,ガード性能,3,KO,2,防御,1,体術,-3,,,土砂竜の背甲,2,土砂竜の甲殻,1,土砂竜の頭殻,1,草食竜の頭殻,2
ボロスキャップ,0,0,2,1,1,3,8,21,2,2,-1,4,0,通常弾強化,3,精密射撃,3,防御,3,体術,-2,,,土砂竜の背甲,2,土砂竜の甲殻,1,土砂竜の頭殻,1,草食竜の頭殻,2
インゴットヘルム,0,0,2,1,2,4,20,39,-2,-2,-2,1,0,風圧,2,雷属性攻撃,2,研ぎ師,2,気まぐれ,-3,,,ドラグライト鉱石,2,アイシスメタル,2,シーブライト鉱石,1,ベアライト石,3
インゴットキャップ,0,0,2,1,2,4,10,23,-1,-1,-1,2,0,散弾強化,3,雷属性攻撃,2,装填速度,4,気まぐれ,-2,,,ドラグライト鉱石,2,アイシスメタル,2,シーブライト鉱石,1,ベアライト石,3
バギィヘルム,0,0,2,1,2,4,16,35,-4,-1,2,-1,1,攻撃,1,氷属性攻撃,2,回復速度,3,火耐性,-3,,,眠狗竜の皮,3,眠狗竜の爪,2,バギィの鱗,3,アイシスメタル,2
バギィキャップ,0,0,2,1,2,4,8,21,-2,0,4,0,2,攻撃,4,氷属性攻撃,2,回復速度,4,火耐性,-1,,,眠狗竜の皮,3,眠狗竜の爪,2,バギィの鱗,3,アイシスメタル,2
ラングロヘルム,0,0,2,1,2,4,16,35,2,-4,-2,-1,2,回避性能,3,火耐性,1,耐暑,2,耐寒,-3,,,赤甲獣の爪,2,赤甲獣の甲殻,2,モンスターの体液,2,ドラグライト鉱石,4
ラングロキャップ,0,0,2,1,2,4,8,21,4,-2,-1,0,4,回避性能,5,火耐性,2,耐暑,3,耐寒,-1,,,赤甲獣の爪,2,赤甲獣の甲殻,2,モンスターの体液,2,ドラグライト鉱石,4
レイアヘルム,0,0,2,1,2,4,18,37,2,0,0,-2,-4,体力,4,加護,1,火属性攻撃,1,回復速度,-3,,,雌火竜の棘,1,雌火竜の鱗,4,雌火竜の甲殻,3,ドラグライト鉱石,3
レイアキャップ,0,0,2,1,2,4,9,22,4,0,1,-1,-3,体力,5,加護,3,火属性攻撃,2,回復速度,-1,,,雌火竜の棘,1,雌火竜の鱗,4,雌火竜の甲殻,3,ドラグライト鉱石,3
ハプルヘルム,0,0,2,0,2,4,18,37,2,-1,-3,-2,0,食事,2,水属性攻撃,4,食いしん坊,2,腹減り,-3,,,潜口竜の頭殻,1,潜口竜の甲殻,2,竜骨【中】,5,狗竜の皮,2
ハプルキャップ,0,0,2,0,2,4,9,22,4,0,-2,-1,0,食事,4,水属性攻撃,3,食いしん坊,4,腹減り,-2,,,潜口竜の頭殻,1,潜口竜の甲殻,2,竜骨【中】,5,狗竜の皮,2
ネブラヘルム,0,0,2,1,2,4,18,37,-4,0,3,3,-2,特殊攻撃,3,雷耐性,2,気絶,1,体力,-3,,,不気味な皮,2,毒怪竜の皮,3,毒袋,2,眠狗竜の皮,3
ネブラキャップ,0,0,2,1,2,4,9,22,-2,0,4,4,-1,特殊攻撃,4,雷耐性,2,気絶,4,体力,-1,,,不気味な皮,2,毒怪竜の皮,3,毒袋,2,眠狗竜の皮,3
ナルガヘルム,0,0,3,1,2,5,20,39,-3,1,0,-4,-1,回避距離,2,気力回復,2,気配,2,攻撃,-3,,,迅竜の尾棘,2,迅竜の黒毛,3,迅竜の刃翼,2,青熊獣の甲殻,4
ナルガキャップ,0,0,3,1,2,5,10,23,-1,3,1,-2,0,回避距離,4,気力回復,3,気配,2,攻撃,-2,,,迅竜の尾棘,2,迅竜の黒毛,3,迅竜の刃翼,2,青熊獣の甲殻,4
ベリオヘルム,0,0,3,1,2,5,20,39,-4,1,2,-3,-1,スタミナ,2,体術,1,氷属性攻撃,3,気力回復,-3,,,琥珀色の牙,2,氷牙竜の毛皮,3,氷牙竜の甲殻,2,キラビートル,6
ベリオキャップ,0,0,3,1,2,5,10,23,-2,2,4,-1,0,スタミナ,4,体術,5,氷属性攻撃,1,気力回復,-1,,,琥珀色の牙,2,氷牙竜の毛皮,3,氷牙竜の甲殻,2,キラビートル,6
レウスヘルム,0,0,3,1,3,5,22,41,2,-1,-1,-2,-4,痛撃,1,攻撃,4,火属性攻撃,1,回復量,-3,,,火竜の鱗,3,火竜の甲殻,3,火竜の翼爪,1,ドラグライト鉱石,3
レウスキャップ,0,0,3,1,3,5,11,24,4,0,0,-1,-2,痛撃,3,攻撃,2,火属性攻撃,5,回復量,-1,,,火竜の鱗,3,火竜の甲殻,3,火竜の翼爪,1,ドラグライト鉱石,3
ガンキンヘルム,0,0,3,1,2,5,22,41,2,-5,-2,1,-3,抜刀減気,3,防御,1,火耐性,3,水耐性,-2,,,爆鎚竜の甲殻,3,爆鎚竜の骨髄,1,爆鎚竜の鱗,4,ドラグライト鉱石,3
ガンキンキャップ,0,0,3,1,2,5,11,24,4,-4,-1,2,-2,貫通弾強化,4,防御,5,火耐性,1,水耐性,-1,,,爆鎚竜の甲殻,3,爆鎚竜の骨髄,1,爆鎚竜の鱗,4,ドラグライト鉱石,3
ジンオウヘルム,0,0,3,2,3,5,22,41,-1,-2,-3,3,0,本気,1,雷属性攻撃,1,斬れ味,3,気配,-2,,,雷狼竜の角,1,雷狼竜の帯電毛,2,雷狼竜の甲殻,2,大猪の皮,3
ジンオウキャップ,0,0,3,2,3,5,11,24,0,-1,-1,5,0,本気,2,雷属性攻撃,2,通常弾強化,3,気配,-2,,,雷狼竜の角,1,雷狼竜の帯電毛,2,雷狼竜の甲殻,2,大猪の皮,3
ディアブロヘルム,0,0,3,1,3,6,24,43,2,-1,-3,-1,-1,抜刀会心,3,減気攻撃,2,耐震,1,特殊攻撃,-3,,,角竜の尾甲,2,角竜の甲殻,4,角竜の背甲,2,毒狗竜の皮,5
ディアブロキャップ,0,0,3,1,3,6,12,25,4,0,-2,0,0,貫通弾強化,3,通常弾追加,4,減気攻撃,2,特殊攻撃,-2,,,角竜の尾甲,2,角竜の甲殻,4,角竜の背甲,2,毒狗竜の皮,5
レックスヘルム,0,0,3,0,3,6,24,43,2,-1,0,-4,-2,聴覚保護,1,千里眼,2,食いしん坊,6,加護,-2,,,轟竜の頭殻,1,轟竜の牙,4,轟竜の鱗,3,未熟な海綿質,5
レックスキャップ,0,0,3,0,3,6,12,25,3,0,0,-2,-1,聴覚保護,3,千里眼,5,食いしん坊,4,加護,-1,,,轟竜の頭殻,1,轟竜の牙,4,轟竜の鱗,3,未熟な海綿質,5
アグナヘルム,0,0,3,1,3,6,24,43,4,-4,-2,0,-4,ガード性能,2,斬れ味,3,達人,2,底力,-2,,,炎戈竜の甲殻,5,炎戈竜の碇口,1,炎戈竜の皮,3,ドラグライト鉱石,5
アグナキャップ,0,0,3,1,3,6,12,25,5,-2,-1,0,-2,通常弾強化,2,貫通弾追加,4,精密射撃,3,底力,-2,,,炎戈竜の甲殻,5,炎戈竜の碇口,1,炎戈竜の皮,3,ドラグライト鉱石,5
ドボルヘルム,0,0,3,1,3,6,24,43,-3,1,-2,-2,0,重撃,1,底力,2,攻撃,3,達人,-3,,,尾槌竜の角,2,尾槌竜の甲殻,4,上竜骨,3,大猪の皮,3
ドボルキャップ,0,0,3,1,3,6,12,25,-2,3,-1,-1,0,重撃,3,底力,2,反動,4,達人,-2,,,尾槌竜の角,2,尾槌竜の甲殻,4,上竜骨,3,大猪の皮,3
ギルドバードロポス,1,0,3,2,3,5,20,39,0,0,0,0,0,捕獲,1,観察眼,2,広域,1,運気,-3,,,勇気の証,1,温泉チケット,3,超電雷光虫,3,雷狼竜の蓄電殻,3
ギルドバードハット,1,0,3,2,3,5,10,23,0,0,0,0,0,捕獲,4,観察眼,1,広域,2,運気,-2,,,勇気の証,1,温泉チケット,3,超電雷光虫,3,雷狼竜の蓄電殻,3
スカラーフード,2,0,3,2,3,5,20,39,0,0,0,0,0,捕獲,1,観察眼,2,広域,1,運気,-3,,,勇気の証,1,温泉チケット,3,超電雷光虫,3,雷狼竜の蓄電殻,3
スカラーベレー,2,0,3,2,3,5,10,23,0,0,0,0,0,捕獲,4,観察眼,1,広域,2,運気,-2,,,勇気の証,1,温泉チケット,3,超電雷光虫,3,雷狼竜の蓄電殻,3
マギュルフロール,1,0,3,2,3,2,16,35,-4,1,2,0,0,溜め短縮,1,効果持続,2,高速設置,1,ガード性能,-3,,,ペピポパンプキン,1,ドスヘラクレス,2,龍殺しの実,3,マタタビ,10
マギュルフロール,2,0,3,2,3,2,16,35,-4,1,2,0,0,溜め短縮,1,効果持続,2,高速設置,1,ガード性能,-3,,,ペピポパンプキン,1,ドスヘラクレス,2,龍殺しの実,3,マタタビ,10
マギュルブルーメ,1,0,3,2,3,2,8,21,-2,2,4,0,0,溜め短縮,3,効果持続,2,高速設置,3,精密射撃,-1,,,ペピポパンプキン,1,ドスヘラクレス,2,龍殺しの実,3,マタタビ,10
マギュルブルーメ,2,0,3,2,3,2,8,21,-2,2,4,0,0,溜め短縮,3,効果持続,2,高速設置,3,精密射撃,-1,,,ペピポパンプキン,1,ドスヘラクレス,2,龍殺しの実,3,マタタビ,10
ヴァイクヘルム,0,0,3,1,3,3,14,33,0,3,-2,-2,0,斬れ味,2,回復速度,1,水耐性,4,研ぎ師,-2,,,ヨロイシダイ,4,イチノタチウオ,4,シーブライト鉱石,2,ハレツアロワナ,10
ヴァイクキャップ,0,0,3,1,3,3,7,20,0,5,-4,-1,0,通常弾強化,2,回復速度,3,水耐性,4,装填速度,-2,,,ヨロイシダイ,4,イチノタチウオ,4,シーブライト鉱石,2,ハレツアロワナ,10
ロワーガテスタ,1,0,3,1,3,4,18,37,-5,0,-1,3,1,聴覚保護,2,達人,1,雷耐性,3,加護,-3,,,オオクワアゲハ,1,雷光虫,3,アルビノエキス,3,光蟲,10
ロワーガカプト,1,0,3,1,3,4,9,22,-4,0,0,5,3,聴覚保護,3,達人,5,雷耐性,1,加護,-2,,,オオクワアゲハ,1,雷光虫,3,アルビノエキス,3,光蟲,10
ファルメルテスタ,2,0,3,1,3,2,18,37,-5,0,-1,3,1,聴覚保護,2,達人,1,雷耐性,3,加護,-3,,,オオクワアゲハ,1,雷光虫,3,アルビノエキス,3,光蟲,10
ファルメルカプト,2,0,3,1,3,2,9,22,-4,0,0,5,3,聴覚保護,3,達人,5,雷耐性,1,加護,-2,,,オオクワアゲハ,1,雷光虫,3,アルビノエキス,3,光蟲,10
大和【兜】,1,0,3,0,3,6,26,45,3,0,-3,0,-3,匠,4,溜め短縮,1,達人,3,斬れ味,-3,,,たくましい龍牙,2,峯山龍の蒼鱗,5,峯山龍の甲岩殻,5,シーブライト鉱石,10
陸奥【烏帽子】,1,0,3,0,3,6,13,26,5,1,-2,1,-2,装填数,4,溜め短縮,2,達人,4,反動,-3,,,たくましい龍牙,2,峯山龍の蒼鱗,5,峯山龍の甲岩殻,5,シーブライト鉱石,10
日向【鉢金】,2,0,3,0,3,6,26,45,3,0,-3,0,-3,匠,4,溜め短縮,1,達人,3,斬れ味,-3,,,たくましい龍牙,2,峯山龍の蒼鱗,5,峯山龍の甲岩殻,5,シーブライト鉱石,10
天城【鉢金】,2,0,3,0,3,6,13,26,5,1,-2,1,-2,装填数,4,溜め短縮,2,達人,4,反動,-3,,,たくましい龍牙,2,峯山龍の蒼鱗,5,峯山龍の甲岩殻,5,シーブライト鉱石,10
ガーグァフェイク,0,0,3,0,1,1,8,28,-4,-2,2,-1,1,調合成功率,10,,,,,,,,,丸鳥の羽,7,ユクモの木,5,,,,
ズワロフード,0,0,3,0,1,2,12,32,-2,2,-1,0,1,体力,5,水耐性,6,,,,,,,垂皮竜の皮,2,大猪の皮,2,ファンゴの毛皮,3,,
ズワロフッド,0,0,3,0,1,2,6,19,-1,4,0,0,2,体力,5,水耐性,8,,,,,,,垂皮竜の皮,2,大猪の皮,2,ファンゴの毛皮,3,,
ジャギィフェイク,0,0,3,0,1,2,10,30,0,0,0,0,0,高速収集,10,,,,,,,,,狗竜の頭,1,狗竜の皮,3,王者のエリマキ,1,紅蓮石,2
ブルファンゴフェイク,0,0,3,0,1,2,9,29,-2,-1,1,-4,2,腹減り,10,,,,,,,,,ファンゴの頭,1,大猪の皮,3,大猪の牙,6,竜骨【大】,2
スカルフェイス,0,0,3,0,2,5,10,30,2,-2,-2,-2,1,胴系統複製,1,,,,,,,,,紅蓮石,3,なぞの頭骨,5,なぞの骨,10,勇気の証,1
ユアミタオル,0,0,3,1,3,5,8,28,-2,2,-2,-2,0,運気,3,効果持続,3,攻撃,-3,,,,,温泉チケット,4,ドリンクチケット,2,ユクモチケット,1,勇気の証,1
どんぐりヘルム,0,0,3,0,3,5,12,32,2,2,-2,0,0,爆弾強化,8,砲術,3,,,,,,,オトモチケット,4,溶岩塊,4,紅蓮石,2,赤熱した胸殻,2
二眼のピアス,0,0,3,2,2,3,9,29,0,0,0,0,2,,,,,,,,,,,ライトクリスタル,1,,,,,,
ユクモノカサ・天,0,0,4,2,4,6,28,60,0,0,0,3,0,加護,1,気まぐれ,4,回復量,1,研ぎ師,3,,,ユクモの堅木,1,ユクモの木,5,丸鳥の羽,5,,
ユクモノカサ・地,0,0,4,2,4,6,14,35,0,0,0,4,0,加護,2,気まぐれ,4,回復量,2,精密射撃,3,,,ユクモの堅木,1,ユクモの木,5,丸鳥の羽,5,,
レザーＳヘルム,0,0,4,0,4,6,28,60,-1,0,0,0,1,高速収集,1,採取,4,気まぐれ,4,腹減り,4,,,カブレライト鉱石,1,暖かい毛皮,2,ファンゴの毛皮,3,,
レザーＳキャップ,0,0,4,0,4,6,14,35,0,0,0,0,2,高速収集,3,採取,4,気まぐれ,3,腹減り,5,,,カブレライト鉱石,1,暖かい毛皮,2,ファンゴの毛皮,3,,
チェーンＳヘルム,0,0,4,1,4,6,28,60,2,1,1,-2,0,体力,3,減気攻撃,4,調合数,4,,,,,カブレライト鉱石,1,マカライト鉱石,2,鉄鉱石,5,,
チェーンＳキャップ,0,0,4,1,4,6,14,35,3,2,2,-1,0,体力,4,調合数,5,通常弾追加,4,,,,,カブレライト鉱石,1,マカライト鉱石,2,鉄鉱石,5,,
ハンターＳヘルム,0,0,4,1,4,99,30,62,0,1,0,-4,0,狩人,2,千里眼,3,高速設置,4,毒,-2,,,デプスライト鉱石,2,王族カナブン,2,マカライト鉱石,5,鉄鉱石,5
ハンターＳキャップ,0,0,4,1,4,99,15,36,1,2,0,-2,1,狩人,3,千里眼,4,高速設置,4,毒,-2,,,デプスライト鉱石,2,王族カナブン,2,マカライト鉱石,5,鉄鉱石,5
ボーンＳヘルム,0,0,4,1,4,99,30,62,2,0,-2,-1,0,回復量,4,採取,2,KO,2,睡眠,-3,,,上質な鳥竜骨,2,上質なヒレ,3,なぞの頭骨,3,,
ボーンＳキャップ,0,0,4,1,4,99,15,36,4,0,-1,0,0,回復量,4,採取,4,KO,4,睡眠,-1,,,上質な鳥竜骨,2,上質なヒレ,3,なぞの頭骨,3,,
アロイＳヘルム,0,0,4,2,4,99,30,62,-1,1,-2,-2,-1,風圧,2,達人,1,研ぎ師,3,採取,-3,,,デプスライト鉱石,1,カブレライト鉱石,1,ドラグライト鉱石,5,シーブライト鉱石,3
アロイＳキャップ,0,0,4,2,4,99,15,36,0,2,-1,-1,0,散弾強化,4,散弾追加,4,達人,2,採取,-1,,,デプスライト鉱石,1,カブレライト鉱石,1,ドラグライト鉱石,5,シーブライト鉱石,3
ブナハＳハット,0,0,4,2,4,6,32,64,-5,-2,-2,2,4,特殊攻撃,1,剣術,3,麻痺,2,攻撃,-3,,,飛甲虫の堅殻,2,飛甲虫の甲殻,3,飛甲虫の麻痺針,5,王族カナブン,2
ブナハＳキャップ,0,0,4,2,4,6,16,37,-3,-1,-1,3,5,特殊攻撃,3,装填速度,4,麻痺,3,攻撃,-1,,,飛甲虫の堅殻,2,飛甲虫の甲殻,3,飛甲虫の麻痺針,5,王族カナブン,2
リノプロＳヘルム,0,0,4,2,4,99,32,64,2,-2,-2,-2,1,気力回復,2,砲術,2,耐泥耐雪,2,気絶,-3,,,草食竜の堅殻,3,草食竜の頭殻,1,氷結晶,3,,
リノプロＳキャップ,0,0,4,2,4,99,16,37,3,-1,-1,-1,2,気力回復,3,砲術,3,精密射撃,4,気絶,-1,,,草食竜の堅殻,3,草食竜の頭殻,1,氷結晶,3,,
ジャギィＳヘルム,0,0,4,1,4,99,35,67,-4,-2,-2,-2,1,攻撃,3,達人,1,回復速度,4,効果持続,-3,,,狗竜の上皮,4,狗竜の爪,2,狗竜の皮,2,シーブライト鉱石,2
ジャギィＳキャップ,0,0,4,1,4,99,18,39,-2,-1,-1,-1,2,攻撃,5,達人,3,回復速度,4,効果持続,-1,,,狗竜の上皮,4,狗竜の爪,2,狗竜の皮,2,シーブライト鉱石,2
アシラＳヘルム,0,0,4,1,4,99,35,67,-3,1,-2,-1,1,加護,2,防御,3,気絶,3,麻痺,-3,,,青熊獣の堅殻,3,堅牢な骨,2,青熊獣の毛,3,ドスヘラクレス,3
アシラＳキャップ,0,0,4,1,4,99,18,39,-2,2,-1,0,3,加護,4,防御,4,気絶,4,麻痺,-1,,,青熊獣の堅殻,3,堅牢な骨,2,青熊獣の毛,3,ドスヘラクレス,3
フロギィＳヘルム,0,0,4,2,4,99,38,70,2,-2,-4,1,0,体術,2,食事,2,毒,2,防御,-3,,,毒狗竜の上皮,3,王者のクチバシ,2,鳥竜玉,1,ドスヘラクレス,6
フロギィＳキャップ,0,0,4,2,4,99,20,41,4,-1,-2,2,0,体術,4,食事,4,毒,2,防御,-1,,,毒狗竜の上皮,3,王者のクチバシ,2,鳥竜玉,1,ドスヘラクレス,6
ウルクＳヘルム,0,0,4,2,5,99,38,70,-4,2,2,-2,1,回避性能,2,氷耐性,3,攻撃,1,火耐性,-3,,,白兎獣の大耳,2,堅牢な骨,2,バギィの皮,5,グラシスメタル,3
ウルクＳキャップ,0,0,4,2,5,99,20,41,-2,3,4,-1,3,回避性能,4,氷耐性,2,攻撃,4,火耐性,-1,,,白兎獣の大耳,2,堅牢な骨,2,バギィの皮,5,グラシスメタル,3
ズワロＳフード,0,0,4,1,4,99,32,64,-2,2,-1,0,1,体力,7,水耐性,4,,,,,,,垂皮竜の上皮,2,大猪の硬い皮,2,ファンゴの毛皮,3,,
ズワロＳフッド,0,0,4,1,4,99,18,39,-1,4,0,0,2,体力,7,水耐性,6,,,,,,,垂皮竜の上皮,2,大猪の硬い皮,2,ファンゴの毛皮,3,,
ペッコＳヘルム,0,0,5,2,4,99,35,67,2,-2,-4,-1,2,広域,3,千里眼,2,火属性攻撃,1,氷耐性,-3,,,ステキなクチバシ,2,彩鳥の翼,2,上竜骨,1,ドスヘラクレス,3
ペッコＳキャップ,0,0,5,2,4,99,18,39,4,-1,-3,0,4,広域,5,千里眼,4,火属性攻撃,1,氷耐性,-1,,,ステキなクチバシ,2,彩鳥の翼,2,上竜骨,1,ドスヘラクレス,3
ルドロスＳヘルム,0,0,5,2,4,99,38,70,-4,2,-2,-2,1,スタミナ,2,水属性攻撃,2,気絶,2,雷属性攻撃,-3,,,高級なトサカ,2,水獣の上鱗,3,水獣の尻尾,1,大水袋,2
ルドロスＳキャップ,0,0,5,2,4,99,20,41,-2,4,-1,-1,2,スタミナ,4,水属性攻撃,1,気絶,5,雷属性攻撃,-1,,,高級なトサカ,2,水獣の上鱗,3,水獣の尻尾,1,大水袋,2
ボロスＳヘルム,0,0,5,0,4,99,41,71,0,0,-3,2,0,ガード性能,3,体術,3,底力,4,腹減り,-3,,,土砂竜の堅甲,4,土砂竜の堅殻,2,肥沃なドロ,5,ジャギィの鱗,4
ボロスＳキャップ,0,0,5,0,4,99,22,41,2,2,-1,4,0,通常弾強化,3,反動,4,底力,6,腹減り,-2,,,土砂竜の堅甲,4,土砂竜の堅殻,2,肥沃なドロ,5,ジャギィの鱗,4
インゴットＳヘルム,0,0,5,1,5,99,47,77,-2,-2,-2,1,0,風圧,2,達人,3,研ぎ師,3,気まぐれ,-3,,,ユニオン鉱石,2,グラシスメタル,3,デプスライト鉱石,2,カブレライト鉱石,5
インゴットＳキャップ,0,0,5,1,5,99,26,45,-1,-1,-1,2,0,散弾強化,3,散弾追加,4,装填速度,4,気まぐれ,-2,,,ユニオン鉱石,2,グラシスメタル,3,デプスライト鉱石,2,カブレライト鉱石,5
バギィＳヘルム,0,0,5,1,5,99,41,71,-4,-1,2,-1,1,攻撃,3,回復速度,3,回復量,2,火耐性,-3,,,眠狗竜の上皮,4,眠狗竜の爪,2,眠狗竜の皮,2,グラシスメタル,3
バギィＳキャップ,0,0,5,1,5,99,22,41,-2,0,4,0,2,攻撃,5,回復速度,5,回復量,2,火耐性,-1,,,眠狗竜の上皮,4,眠狗竜の爪,2,眠狗竜の皮,2,グラシスメタル,3
ラングロＳヘルム,0,0,5,1,5,99,41,71,2,-4,-2,-1,2,回避性能,3,耐震,1,火耐性,4,水耐性,-3,,,赤甲獣の尖爪,3,赤甲獣の堅殻,3,モンスターの濃汁,3,紅蓮石,2
ラングロＳキャップ,0,0,5,1,5,99,22,41,4,-2,-1,0,4,回避性能,5,通常弾追加,1,火耐性,6,水耐性,-1,,,赤甲獣の尖爪,3,赤甲獣の堅殻,3,モンスターの濃汁,3,紅蓮石,2
レイアＳヘルム,0,0,5,2,5,99,44,74,2,0,0,-2,-4,体力,2,火属性攻撃,2,回復速度,2,水属性攻撃,-3,,,雌火竜の上棘,2,雌火竜の堅殻,4,火竜の骨髄,2,爆炎袋,3
レイアＳキャップ,0,0,5,2,5,99,24,43,4,0,1,-1,-3,体力,4,火属性攻撃,2,回復速度,3,水属性攻撃,-2,,,雌火竜の上棘,2,雌火竜の堅殻,4,火竜の骨髄,2,爆炎袋,3
ハプルＳヘルム,0,0,5,3,5,99,44,74,2,-1,-3,-2,0,食事,1,納刀,1,雷属性攻撃,-3,食いしん坊,2,,,潜口竜の堅殻,4,潜口竜の頭殻,4,潜口竜の上皮,2,フロギィの上鱗,6
ハプルＳキャップ,0,0,5,3,5,99,24,43,4,0,-2,-1,0,食事,2,納刀,3,雷属性攻撃,-2,食いしん坊,2,,,潜口竜の堅殻,4,潜口竜の頭殻,4,潜口竜の上皮,2,フロギィの上鱗,6
ネブラＳヘルム,0,0,5,2,5,99,44,74,-4,0,3,3,-2,特殊攻撃,1,雷耐性,2,斬れ味,3,調合成功率,-3,,,不気味な上皮,3,猛毒袋,2,毒怪竜の皮,5,眠狗竜の皮,5
ネブラＳキャップ,0,0,5,2,5,99,24,43,-2,0,4,4,-1,特殊攻撃,2,雷耐性,3,貫通弾追加,4,調合成功率,-2,,,不気味な上皮,3,猛毒袋,2,毒怪竜の皮,5,眠狗竜の皮,5
ナルガＳヘルム,0,0,5,2,5,99,47,77,-3,1,0,-4,-1,回避距離,2,回避性能,1,気配,3,スタミナ,-3,,,迅竜の上黒毛,5,迅竜の尾棘,5,竜玉,1,青熊獣の剛毛,6
ナルガＳキャップ,0,0,5,2,5,99,26,45,-1,3,1,-2,0,回避距離,4,回避性能,3,気配,3,スタミナ,-1,,,迅竜の上黒毛,5,迅竜の尾棘,5,竜玉,1,青熊獣の剛毛,6
ベリオＳヘルム,0,0,5,2,5,99,47,77,-4,1,2,-3,-1,回避性能,1,体術,3,氷属性攻撃,2,気力回復,-3,,,琥珀色の鋭牙,2,氷牙竜の上毛皮,5,氷牙竜の甲殻,4,凍結袋,5
ベリオＳキャップ,0,0,5,2,5,99,26,45,-2,2,4,-1,0,回避性能,5,体術,4,氷属性攻撃,1,気力回復,-1,,,琥珀色の鋭牙,2,氷牙竜の上毛皮,5,氷牙竜の甲殻,4,凍結袋,5
レウスＳヘルム,0,0,5,1,5,99,50,80,2,-1,-1,-2,-4,痛撃,1,攻撃,4,研ぎ師,3,回復量,-3,,,火竜の上鱗,4,火竜の紅玉,1,爆炎袋,3,尖竜骨,3
レウスＳキャップ,0,0,5,1,5,99,28,47,4,0,0,-1,-2,痛撃,2,速射,4,攻撃,5,回復量,-2,,,火竜の上鱗,4,火竜の紅玉,1,爆炎袋,3,尖竜骨,3
ガンキンＳヘルム,0,0,5,0,5,99,50,80,2,-5,-2,1,-3,抜刀減気,3,抜刀会心,4,防御,3,水耐性,-3,,,爆鎚竜の堅殻,4,爆鎚竜の骨髄,4,溶岩塊,3,赤甲獣の堅殻,3
ガンキンＳキャップ,0,0,5,0,5,99,28,47,4,-4,-1,2,-2,貫通弾強化,4,反動,5,防御,4,水耐性,-2,,,爆鎚竜の堅殻,4,爆鎚竜の骨髄,4,溶岩塊,3,赤甲獣の堅殻,3
ジンオウＳヘルム,0,0,5,2,6,99,53,81,-1,-2,-3,4,0,本気,2,雷属性攻撃,1,回避距離,3,気配,-3,,,雷狼竜の尖角,2,雷狼竜の高電毛,4,雷狼竜の甲殻,3,竜玉,1
ジンオウＳキャップ,0,0,5,2,6,99,30,47,0,-1,-1,5,0,本気,4,雷属性攻撃,1,回避距離,4,気配,-2,,,雷狼竜の尖角,2,雷狼竜の高電毛,4,雷狼竜の甲殻,3,竜玉,1
ディアブロＳヘルム,0,0,5,2,6,99,53,81,2,-1,-3,-1,-1,抜刀会心,3,納刀,1,耐震,2,特殊攻撃,-3,,,角竜の堅殻,5,角竜の尾甲,4,竜玉,1,毒狗竜の上皮,4
ディアブロＳキャップ,0,0,5,2,6,99,30,47,4,0,-2,0,0,貫通弾強化,3,通常弾追加,3,納刀,3,特殊攻撃,-2,,,角竜の堅殻,5,角竜の尾甲,4,竜玉,1,毒狗竜の上皮,4
レックスＳヘルム,0,0,5,2,6,99,53,81,2,-1,0,-4,-2,聴覚保護,2,スタミナ,1,食いしん坊,3,加護,-3,,,轟竜のアギト,1,轟竜の鋭牙,2,轟竜の鱗,5,水生獣の上皮,4
レックスＳキャップ,0,0,5,2,6,99,30,47,3,0,0,-2,-1,聴覚保護,3,スタミナ,3,食いしん坊,2,加護,-3,,,轟竜のアギト,1,轟竜の鋭牙,2,轟竜の鱗,5,水生獣の上皮,4
アグナＳヘルム,0,0,5,1,6,99,53,81,4,-4,-2,0,-4,体術,1,斬れ味,4,火属性攻撃,4,水属性攻撃,-2,,,炎戈竜の堅殻,5,炎戈竜の碇口,2,炎戈竜の上皮,4,毒狗竜の上皮,4
アグナＳキャップ,0,0,5,1,6,99,30,47,5,-2,-1,0,-2,通常弾強化,4,火属性攻撃,5,精密射撃,2,水属性攻撃,-2,,,炎戈竜の堅殻,5,炎戈竜の碇口,2,炎戈竜の上皮,4,毒狗竜の上皮,4
ドボルＳヘルム,0,0,5,1,6,99,53,81,-3,1,-2,-2,0,重撃,1,底力,4,攻撃,3,達人,-3,,,尾槌竜の尖角,2,尾槌竜の堅殻,6,尾槌竜の尾骨,1,大猪の硬い皮,6
ドボルＳキャップ,0,0,5,1,6,99,30,47,-2,3,-1,-1,0,重撃,3,底力,3,反動,5,達人,-2,,,尾槌竜の尖角,2,尾槌竜の堅殻,6,尾槌竜の尾骨,1,大猪の硬い皮,6
城塞遊撃隊【刃笠】,0,0,5,3,6,99,47,77,0,0,0,0,0,剥ぎ取り,2,達人,1,回復量,1,運気,-3,,,嵐龍の堅殻,6,峯山龍の甲岩殻,2,爆炎袋,4,ユクモチケット,3
城塞弓撃隊【面隠】,0,0,5,3,6,99,26,45,0,0,0,0,0,剥ぎ取り,3,達人,3,回復量,1,運気,-2,,,嵐龍の堅殻,6,峯山龍の甲岩殻,2,爆炎袋,4,ユクモチケット,3
ギルドバードＳロポス,1,0,5,1,6,99,44,74,0,0,0,0,0,捕獲,2,観察眼,3,広域,3,運気,-3,,,勇気の証Ｇ,1,温泉チケット,5,王族カナブン,6,雷狼竜の高電殻,2
ギルドバードＳハット,1,0,5,1,6,99,24,43,0,0,0,0,0,捕獲,4,観察眼,3,広域,5,運気,-1,,,勇気の証Ｇ,1,温泉チケット,5,王族カナブン,6,雷狼竜の高電殻,2
スカラーＳフード,2,0,5,1,6,99,44,74,0,0,0,0,0,捕獲,2,観察眼,3,広域,3,運気,-3,,,勇気の証Ｇ,1,温泉チケット,5,王族カナブン,6,雷狼竜の高電殻,2
スカラーＳベレー,2,0,5,1,6,99,24,43,0,0,0,0,0,捕獲,4,観察眼,3,広域,5,運気,-1,,,勇気の証Ｇ,1,温泉チケット,5,王族カナブン,6,雷狼竜の高電殻,2
マギュルＳフロール,1,0,5,2,4,6,32,64,-4,1,2,0,0,溜め短縮,1,回避性能,2,高速設置,3,ガード性能,-3,,,王族カナブン,3,ペピポパンプキン,4,いにしえの秘薬,1,マタタビ,15
マギュルＳフロール,2,0,5,2,4,6,32,64,-4,1,2,0,0,溜め短縮,1,回避性能,2,高速設置,3,ガード性能,-3,,,王族カナブン,3,ペピポパンプキン,4,いにしえの秘薬,1,マタタビ,15
マギュルＳブルーメ,1,0,5,2,4,6,16,37,-2,2,4,0,0,溜め短縮,3,回避性能,4,高速設置,3,精密射撃,-1,,,王族カナブン,3,ペピポパンプキン,4,いにしえの秘薬,1,マタタビ,15
マギュルＳブルーメ,2,0,5,2,4,6,16,37,-2,2,4,0,0,溜め短縮,3,回避性能,4,高速設置,3,精密射撃,-1,,,王族カナブン,3,ペピポパンプキン,4,いにしえの秘薬,1,マタタビ,15
ヴァイクＳヘルム,0,0,5,2,4,99,38,70,0,3,-2,-2,0,斬れ味,3,納刀,3,水属性攻撃,1,研ぎ師,-2,,,デプスライト鉱石,3,ヨロイシダイ,4,イチノタチウオ,5,シンドイワシ,15
ヴァイクＳキャップ,0,0,5,2,4,99,20,41,0,5,-4,-1,0,通常弾強化,3,納刀,4,水属性攻撃,2,装填速度,-2,,,デプスライト鉱石,3,ヨロイシダイ,4,イチノタチウオ,5,シンドイワシ,15
ロワーガＳテスタ,1,0,5,0,5,99,44,74,-5,0,-1,3,1,聴覚保護,2,達人,4,雷耐性,3,加護,-4,,,マレコガネ,3,オオクワアゲハ,2,超電雷光虫,3,不死虫,10
ロワーガＳカプト,1,0,5,0,5,99,24,43,-4,0,0,5,3,聴覚保護,4,達人,5,雷耐性,3,加護,-3,,,マレコガネ,3,オオクワアゲハ,2,超電雷光虫,3,不死虫,10
ファルメルＳテスタ,2,0,5,0,5,99,44,74,-5,0,-1,3,1,聴覚保護,2,達人,4,雷耐性,3,加護,-4,,,マレコガネ,3,オオクワアゲハ,2,超電雷光虫,3,不死虫,10
ファルメルＳカプト,2,0,5,0,5,99,24,43,-4,0,0,5,3,聴覚保護,4,達人,5,雷耐性,3,加護,-3,,,マレコガネ,3,オオクワアゲハ,2,超電雷光虫,3,不死虫,10
撫子【布冠】,2,0,5,1,6,6,38,70,0,0,0,0,0,広域,4,千里眼,2,観察眼,2,毒,-3,,,ユクモの堅木,3,丸鳥の羽,5,さびた破片,3,ペピポパンプキン,5
桔梗【布冠】,2,0,5,1,6,6,20,41,0,0,0,0,0,広域,5,千里眼,4,観察眼,2,毒,-2,,,ユクモの堅木,3,丸鳥の羽,5,さびた破片,3,ペピポパンプキン,5
ガーグァＳフェイク,0,1,5,0,4,6,32,64,-4,-2,2,-1,1,調合成功率,15,,,,,,,,,ユクモの堅木,2,上質な毛皮,3,丸鳥の羽,10,,
ガーグァＳヘッド,0,2,5,0,4,6,18,39,-2,-1,4,0,2,調合成功率,15,,,,,,,,,ユクモの堅木,2,上質な毛皮,3,丸鳥の羽,10,,
ジャギィＳフェイク,0,1,5,0,6,99,41,71,0,0,0,0,0,高速収集,10,,,,,,,,,狗竜の上皮,3,狗竜の頭,2,王者のエリマキ,3,獄炎石,3
ジャギィＳヘッド,0,2,5,0,6,99,22,41,1,1,1,1,1,高速収集,10,,,,,,,,,狗竜の上皮,3,狗竜の頭,2,王者のエリマキ,3,獄炎石,3
ファンゴＳフェイク,0,1,5,0,6,99,38,70,-2,-1,1,-4,2,腹減り,15,,,,,,,,,大猪の硬い皮,5,ファンゴの頭,2,大猪の牙,5,堅牢な骨,3
ファンゴＳヘッド,0,2,5,0,6,99,20,41,-1,0,3,-2,3,腹減り,15,,,,,,,,,大猪の硬い皮,5,ファンゴの頭,2,大猪の牙,5,堅牢な骨,3
スカルＳフェイス,0,1,5,0,6,99,41,71,2,-2,-2,-2,1,胴系統複製,1,,,,,,,,,獄炎石,5,なぞの頭骨,8,なぞの骨,15,勇気の証Ｇ,1
スカルＳヘッド,0,2,5,0,6,99,22,41,4,-1,-1,-1,2,胴系統複製,1,,,,,,,,,獄炎石,5,なぞの頭骨,8,なぞの骨,15,勇気の証Ｇ,1
竜王の隻眼,0,0,5,0,6,99,28,51,2,2,2,2,2,千里眼,15,,,,,,,,,煌黒龍の逆鱗,3,覇竜の上鱗,3,崩竜の腹鱗,3,,
高級ユアミタオル,0,0,5,2,6,99,24,47,-2,2,-2,-2,0,運気,3,効果持続,3,攻撃,-3,,,,,勇気の証Ｇ,1,温泉チケット,8,ドリンクチケット,4,ユクモチケット,3
どんぐりＳヘルム,0,0,5,1,6,99,44,74,2,2,-2,0,0,爆弾強化,8,砲術,3,,,,,,,デプスライト鉱石,3,オトモチケット,8,紅蓮石,5,赤熱した堅胸殻,3
どんぐりＳキャップ,0,0,5,1,6,99,24,43,2,2,-2,0,0,爆弾強化,9,砲術,4,,,,,,,デプスライト鉱石,3,オトモチケット,8,紅蓮石,5,赤熱した堅胸殻,3
三眼のピアス,0,0,5,3,4,6,14,37,0,0,0,0,3,,,,,,,,,,,カブレライト鉱石,3,ライトクリスタル,2,,,,
ドーベルヘルム,0,0,6,0,6,99,50,80,-2,0,0,0,4,気力回復,3,龍属性攻撃,3,回避性能,4,腹減り,-3,,,いにしえの龍骨,3,尾槌竜の尖角,1,上質な鳥竜骨,10,上竜骨,8
ドーベルキャップ,0,0,6,0,6,99,28,47,-1,0,0,0,5,気力回復,5,龍属性攻撃,3,回避性能,5,腹減り,-2,,,いにしえの龍骨,3,尾槌竜の尖角,1,上質な鳥竜骨,10,上竜骨,8
ペッコＵヘルム,0,0,6,2,5,99,38,70,-3,-1,-5,4,2,広域,2,食事,3,雷属性攻撃,1,氷属性攻撃,-3,,,紅彩鳥の翼,1,ステキなクチバシ,3,上竜骨,2,王族カナブン,2
ペッコＵキャップ,0,0,6,2,5,99,20,41,-2,0,-3,5,3,広域,4,食事,5,雷属性攻撃,1,氷属性攻撃,-1,,,紅彩鳥の翼,1,ステキなクチバシ,3,上竜骨,2,王族カナブン,2
ルドロスＵヘルム,0,0,6,1,4,99,41,71,-4,2,0,-1,1,スタミナ,1,水耐性,4,雷耐性,-3,減気攻撃,3,,,紫水獣の上鱗,3,高級なトサカ,3,水獣の尻尾,1,ドスヘラクレス,5
ルドロスＵキャップ,0,0,6,1,4,99,22,41,-2,4,1,-1,2,スタミナ,3,特殊攻撃,5,雷耐性,-2,減気攻撃,3,,,紫水獣の上鱗,3,高級なトサカ,3,水獣の尻尾,1,ドスヘラクレス,5
ボロスＵヘルム,0,0,6,2,5,99,44,74,-5,2,3,-2,0,KO,1,防御,4,火属性攻撃,-3,減気攻撃,1,,,氷砕竜の堅甲,5,氷砕竜の堅殻,3,凍った粘液塊,5,白兎獣の毛,5
ボロスＵキャップ,0,0,6,2,5,99,24,43,-4,3,5,-1,0,貫通弾強化,3,氷属性攻撃,1,防御,5,火属性攻撃,-2,,,氷砕竜の堅甲,5,氷砕竜の堅殻,3,凍った粘液塊,5,白兎獣の毛,5
ネブラＵヘルム,0,0,6,0,5,99,47,77,0,-4,3,4,-2,溜め短縮,2,雷属性攻撃,5,減気攻撃,4,氷属性攻撃,-2,,,電怪竜の上皮,4,不気味な上皮,2,アルビノエキス,5,眠狗竜の上皮,4
ネブラＵキャップ,0,0,6,0,5,99,26,45,0,-2,4,5,-1,溜め短縮,5,雷属性攻撃,4,減気攻撃,4,氷属性攻撃,-2,,,電怪竜の上皮,4,不気味な上皮,2,アルビノエキス,5,眠狗竜の上皮,4
ナルガＵヘルム,0,0,6,3,5,99,50,80,-3,1,0,-4,-1,スタミナ,1,気力回復,2,観察眼,1,体術,-3,,,緑迅竜の上斑毛,6,緑迅竜の鋭刃翼,3,尖竜骨,4,青熊獣の剛毛,4
ナルガＵキャップ,0,0,6,3,5,99,28,47,-1,3,1,-2,0,スタミナ,2,気力回復,2,観察眼,3,体術,-2,,,緑迅竜の上斑毛,6,緑迅竜の鋭刃翼,3,尖竜骨,4,青熊獣の剛毛,4
ベリオＵヘルム,0,0,6,1,6,99,50,80,2,1,-4,-3,0,回避距離,2,体術,3,気配,3,回避性能,-3,,,群青色の鋭牙,2,風牙竜の上毛皮,4,風牙竜の堅殻,2,青熊獣の堅殻,4
ベリオＵキャップ,0,0,6,1,6,99,28,47,4,2,-2,-1,0,回避距離,5,体術,3,気配,4,回避性能,-1,,,群青色の鋭牙,2,風牙竜の上毛皮,4,風牙竜の堅殻,2,青熊獣の堅殻,4
ガンキンＵヘルム,0,0,6,3,5,99,53,81,3,-5,-2,1,-3,ガード性能,2,気力回復,1,爆弾強化,1,龍耐性,-3,,,鋼鎚竜の堅殻,5,爆鎚竜の骨髄,2,竜玉,1,赤甲獣の爪,3
ガンキンＵキャップ,0,0,6,3,5,99,30,47,5,-4,-1,2,-2,散弾強化,2,気力回復,4,爆弾強化,1,龍耐性,-2,,,鋼鎚竜の堅殻,5,爆鎚竜の骨髄,2,竜玉,1,赤甲獣の爪,3
ディアブロＵヘルム,0,0,6,1,6,99,56,84,2,-1,-3,-1,-1,抜刀減気,2,KO,3,減気攻撃,4,龍属性攻撃,-2,,,黒角竜の堅殻,4,角竜の尾甲,4,竜玉,1,甲虫の腹袋,4
ディアブロＵキャップ,0,0,6,1,6,99,32,49,4,0,-2,0,0,反動,4,装填速度,4,通常弾追加,1,龍属性攻撃,-4,,,黒角竜の堅殻,4,角竜の尾甲,4,竜玉,1,甲虫の腹袋,4
レックスＵヘルム,0,0,6,0,6,99,56,84,2,-4,0,-2,-1,聴覚保護,2,溜め短縮,3,千里眼,5,加護,-3,,,黒轟竜の鋭牙,3,轟竜のアギト,1,轟竜の頭殻,2,赤甲獣の堅殻,5
レックスＵキャップ,0,0,6,0,6,99,32,49,4,-2,0,-1,0,聴覚保護,4,溜め短縮,4,千里眼,4,加護,-3,,,黒轟竜の鋭牙,3,轟竜のアギト,1,轟竜の頭殻,2,赤甲獣の堅殻,5
アグナＵヘルム,0,0,6,1,6,99,56,84,-4,2,3,-2,-4,ガード性能,3,ガード強化,5,氷属性攻撃,2,火属性攻撃,-1,,,凍戈竜の堅殻,5,凍戈竜の碇口,2,凍戈竜の上皮,3,なめらかな皮,8
アグナＵキャップ,0,0,6,1,6,99,32,49,-2,4,5,-1,-2,装填速度,4,氷属性攻撃,2,貫通弾追加,6,火属性攻撃,-1,,,凍戈竜の堅殻,5,凍戈竜の碇口,2,凍戈竜の上皮,3,なめらかな皮,8
ダマスクヘルム,0,0,6,2,6,99,59,86,-2,2,1,-3,-1,匠,4,雷属性攻撃,1,研ぎ師,2,斬れ味,-2,,,峯山龍の上蒼鱗,4,金火竜の上鱗,4,金火竜の上棘,1,峯山龍の甲岩殻,2
ダマスクキャップ,0,0,6,2,6,99,34,50,-1,3,3,-2,0,装填数,4,散弾強化,3,雷属性攻撃,2,反動,-2,,,峯山龍の上蒼鱗,4,金火竜の上鱗,4,金火竜の上棘,1,峯山龍の甲岩殻,2
ゴールドルナヘルム,0,0,7,3,6,99,56,84,2,-2,0,-4,3,重撃,2,加護,1,運気,1,雷耐性,-3,,,金火竜の上棘,3,金火竜の堅殻,5,火竜の煌液,3,爆炎袋,3
ゴールドルナキャップ,0,0,7,3,6,99,32,49,4,-1,0,-3,4,重撃,3,加護,1,運気,3,雷耐性,-2,,,金火竜の上棘,3,金火竜の堅殻,5,火竜の煌液,3,爆炎袋,3
シルバーソルヘルム,0,0,7,0,6,99,56,84,2,-2,0,-4,3,痛撃,2,斬れ味,3,攻撃,5,体力,-3,,,銀火竜の上鱗,5,火竜の紅玉,1,火竜の煌液,3,ユニオン鉱石,5
シルバーソルキャップ,0,0,7,0,6,99,32,49,4,-1,0,-3,4,痛撃,3,通常弾強化,4,攻撃,5,体力,-3,,,銀火竜の上鱗,5,火竜の紅玉,1,火竜の煌液,3,ユニオン鉱石,5
バンギスヘルム,0,0,7,1,6,99,59,86,0,0,1,-4,-4,匠,5,食事,2,氷耐性,1,斬れ味,-3,,,恐暴竜の頭殻,2,恐暴竜の黒皮,4,恐暴竜の唾液,3,氷牙竜の棘,1
バンギスキャップ,0,0,7,1,6,99,34,50,0,0,3,-2,-2,装填数,5,食事,4,氷耐性,1,反動,-3,,,恐暴竜の頭殻,2,恐暴竜の黒皮,4,恐暴竜の唾液,3,氷牙竜の棘,1
大和・覇【兜】,1,0,7,3,6,99,59,86,3,0,-3,0,-3,溜め短縮,1,剣術,2,達人,1,回復速度,-3,,,猛々しい龍鋭牙,4,峯山龍の上蒼鱗,5,峯山龍の甲岩殻,5,雌火竜の逆鱗,1
陸奥・覇【烏帽子】,1,0,7,3,6,99,34,50,5,1,-2,1,-2,溜め短縮,3,貫通弾強化,4,達人,1,回復速度,-1,,,猛々しい龍鋭牙,4,峯山龍の上蒼鱗,5,峯山龍の甲岩殻,5,雌火竜の逆鱗,1
日向・覇【鉢金】,2,0,7,3,6,99,59,86,3,0,-3,0,-3,溜め短縮,1,剣術,2,達人,1,回復速度,-3,,,猛々しい龍鋭牙,4,峯山龍の上蒼鱗,5,峯山龍の甲岩殻,5,雌火竜の逆鱗,1
天城・覇【鉢金】,2,0,7,3,6,99,34,50,5,1,-2,1,-2,溜め短縮,3,貫通弾強化,4,達人,1,回復速度,-1,,,猛々しい龍鋭牙,4,峯山龍の上蒼鱗,5,峯山龍の甲岩殻,5,雌火竜の逆鱗,1
アカムトサクパケ,0,0,7,2,6,99,62,89,4,0,2,-3,-5,重撃,2,聴覚保護,3,火属性攻撃,1,加護,-3,,,覇竜の大棘,3,覇竜の上鱗,4,覇竜の堅殻,6,轟竜のアギト,1
アカムトサクイマキ,0,0,7,2,6,99,36,52,5,-1,4,-2,-4,重撃,3,聴覚保護,4,火属性攻撃,1,加護,-3,,,覇竜の大棘,3,覇竜の上鱗,4,覇竜の堅殻,6,轟竜のアギト,1
ウカムルサクパケ,0,0,7,2,6,99,62,89,-5,0,4,-3,-2,痛撃,1,剣術,4,氷属性攻撃,1,溜め短縮,-3,,,崩竜の削顎,3,崩竜の腹鱗,5,崩竜の堅殻,6,おそろしいクチ,1
ウカムルサクイマキ,0,0,7,2,6,99,36,52,-4,0,5,-1,-1,痛撃,4,速射,5,氷属性攻撃,1,溜め短縮,-1,,,崩竜の削顎,3,崩竜の腹鱗,5,崩竜の堅殻,6,おそろしいクチ,1
エスカドラワイズ,0,0,7,0,6,99,62,89,0,0,0,1,-4,属性攻撃,2,属性耐性,5,回避距離,3,底力,-3,,,砕けた天角,4,天をつらぬく角,1,煌黒龍の逆鱗,6,風牙竜の鋭爪,1
エスカドラサジェス,0,0,7,0,6,99,36,52,1,1,1,3,-2,属性攻撃,4,属性耐性,4,回避距離,4,底力,-3,,,砕けた天角,4,天をつらぬく角,1,煌黒龍の逆鱗,6,風牙竜の鋭爪,1
荒天【冠】,0,0,7,3,6,99,62,89,-3,4,0,0,-5,本気,1,匠,2,水属性攻撃,1,食事,-3,,,嵐龍の角,3,嵐龍の飛膜,4,嵐龍の胸殻,6,竜玉,3
蒼天【冠】,0,0,7,3,6,99,36,52,-2,5,0,0,-4,本気,1,装填数,3,水属性攻撃,2,食事,-3,,,嵐龍の角,3,嵐龍の飛膜,4,嵐龍の胸殻,6,竜玉,3
シャドウアイ,0,0,7,0,6,99,28,51,2,2,2,2,2,広域,20,,,,,,,,,黒い水晶チケット,3,恐暴竜の黒鱗,3,上質な黒巻き角,1,勇気の証Ｇ,1
大海賊Ｊハット,0,0,7,1,6,99,26,56,-3,-3,-3,-3,-3,剥ぎ取り,3,運気,2,捕獲,2,加護,-4,,,伝説Ｊチケット,1,極彩色の羽根,2,火竜の上鱗,5,鋼鎚竜の上鱗,6
大海賊Ｊロジャー,0,0,7,1,6,99,13,32,-2,-2,-2,-2,-2,剥ぎ取り,4,運気,3,捕獲,3,加護,-3,,,伝説Ｊチケット,1,極彩色の羽根,2,火竜の上鱗,5,鋼鎚竜の上鱗,6
スネークフェイク,1,0,7,2,6,99,47,82,1,1,1,1,1,溜め短縮,2,体術,3,高速設置,2,腹減り,-2,,,ビッグボスの称号,1,潜口竜の頭殻,2,尾槌竜の尖角,1,尾槌竜の仙骨,1
スネークマスク,1,0,7,1,6,99,26,49,2,2,2,2,2,装填数,3,精密射撃,3,高速設置,4,腹減り,-3,,,ビッグボスの称号,1,潜口竜の頭殻,2,尾槌竜の尖角,1,尾槌竜の仙骨,1
ザ・ボスフェイク,2,0,7,2,6,99,47,82,1,1,1,1,1,気配,2,溜め短縮,2,千里眼,3,属性攻撃,-2,,,ビッグボスの称号,1,潜口竜の頭殻,2,尾槌竜の尖角,1,尾槌竜の仙骨,1
ザ・ボスマスク,2,0,7,2,6,99,26,49,2,2,2,2,2,気配,3,装填数,3,千里眼,4,属性攻撃,-1,,,ビッグボスの称号,1,潜口竜の頭殻,2,尾槌竜の尖角,1,尾槌竜の仙骨,1
ユニクロニット帽,0,0,7,2,6,99,47,82,-3,1,4,0,0,聴覚保護,2,回避距離,3,耐寒,2,食事,-2,,,ユニクロチケット,1,黒轟竜の上鱗,4,轟竜のアギト,1,雷狼竜の尖角,1
ユニクロヘッドホン,0,0,7,2,6,99,26,49,-4,2,5,0,0,聴覚保護,3,回避距離,3,耐寒,3,食事,-2,,,ユニクロチケット,1,黒轟竜の上鱗,4,轟竜のアギト,1,雷狼竜の尖角,1
剣聖のピアス,0,0,7,0,6,99,10,30,0,0,0,0,0,剣術,10,,,,,,,,,,,,,,,,
増弾のピアス,0,0,7,0,6,99,10,27,0,0,0,0,0,装填数,15,,,,,,,,,,,,,,,,
爆砕のピアス,0,0,7,0,99,99,10,10,0,0,0,0,0,爆弾強化,10,,,,,,,,,,,,,,,,
慈愛のピアス,0,0,7,0,99,99,10,10,0,0,0,0,0,広域,20,,,,,,,,,,,,,,,,
抜刀のピアス,0,0,7,0,99,99,10,10,0,0,0,0,0,抜刀会心,10,,,,,,,,,,,,,,,,
静寂のピアス,0,0,7,0,99,99,10,10,0,0,0,0,0,聴覚保護,15,,,,,,,,,,,,,,,,
跳躍のピアス,0,0,7,0,99,99,10,10,0,0,0,0,0,回避距離,15,,,,,,,,,,,,,,,,
短縮のピアス,0,0,7,0,99,99,10,10,0,0,0,0,0,溜め短縮,10,,,,,,,,,,,,,,,,
強走のピアス,0,0,7,0,99,99,10,10,0,0,0,0,0,スタミナ,10,,,,,,,,,,,,,,,,
魔刃のピアス,0,0,7,0,99,99,10,10,0,0,0,0,0,匠,15,,,,,,,,,,,,,,,,
痛撃のピアス,0,0,7,0,99,99,10,10,0,0,0,0,0,痛撃,10,,,,,,,,,,,,,,,,
重撃のピアス,0,0,7,0,99,99,10,10,0,0,0,0,0,重撃,10,,,,,,,,,,,,,,,,
ＫＯのピアス,0,0,7,0,99,99,10,10,0,0,0,0,0,KO,10,,,,,,,,,,,,,,,,
本気のピアス,0,0,7,0,99,99,10,10,0,0,0,0,0,本気,10,,,,,,,,,,,,,,,,
真剣のピアス,0,0,7,0,99,99,10,10,0,0,0,0,0,本気,15,,,,,,,,,,,,,,,,
早気のピアス,0,0,7,0,99,99,10,10,0,0,0,0,0,気力回復,10,,,,,,,,,,,,,,,,
早填のピアス,0,0,7,0,99,99,10,10,0,0,0,0,0,装填速度,15,,,,,,,,,,,,,,,,
速填のピアス,0,0,7,0,99,99,10,10,0,0,0,0,0,装填速度,20,,,,,,,,,,,,,,,,
速納のピアス,0,0,7,0,99,99,10,10,0,0,0,0,0,納刀,10,,,,,,,,,,,,,,,,
奪気のピアス,0,0,7,0,99,99,10,10,0,0,0,0,0,減気攻撃,10,,,,,,,,,,,,,,,,
銃器のピアス,0,0,7,0,99,99,10,10,0,0,0,0,0,砲術,10,,,,,,,,,,,,,,,,
大砲のピアス,0,0,7,0,99,99,10,10,0,0,0,0,0,砲術,15,,,,,,,,,,,,,,,,
探求のピアス,0,0,7,0,99,99,10,10,0,0,0,0,0,調合成功率,15,,,,,,,,,,,,,,,,
憤怒のピアス,0,0,7,0,99,99,10,10,0,0,0,0,0,底力,15,,,,,,,,,,,,,,,,
迅食のピアス,0,0,7,0,99,99,10,10,0,0,0,0,0,食事,15,,,,,,,,,,,,,,,,
幻獣のピアス,0,0,7,0,99,99,10,10,0,0,0,0,0,属性攻撃,10,,,,,,,,,,,,,,,,
宿命のピアス,0,0,7,0,99,99,10,10,0,0,0,0,0,体力,15,,,,,,,,,,,,,,,,
